<?xml version="1.0" encoding="utf-8"?><feed xmlns="http://www.w3.org/2005/Atom" ><generator uri="https://jekyllrb.com/" version="4.2.2">Jekyll</generator><link href="http://localhost:4000/feed.xml" rel="self" type="application/atom+xml" /><link href="http://localhost:4000/" rel="alternate" type="text/html" /><updated>2022-04-20T16:28:53-04:00</updated><id>http://localhost:4000/feed.xml</id><title type="html">Takenotes</title><subtitle>Takenotes is the freelance design studio and portfolio of me, Ryan Underwood. I am a Senior Art Director, Designer, and quasi front-end developer... When needed. I can lorem ipsum with the best of 'em.</subtitle><author><name>Ryan Underwood</name></author></feed>